{"keys1": ["ge", "na", "na", "ka", "ge", "ka", "ge", "na", "ka", "ka", "ka", "ka", "ge", "ka"], "keys2": ["ge", "ge", "ge", "na", "ge", "ge", "ge", "ge"], "missed": [" na", " ka", " ka", " na", " ka", " ka", " ka", " ka", " ka"], "score": 79, "extra": [" ge", " ge", " ge"], "loudness2": [3.76, 5.62, 31.84, 31.84, 37.91, 29.84, 39.47, 4.81], "times1": [0.01160997711122036, 0.3947392404079437, 0.9287981986999512, 1.4628571271896362, 1.8459863662719727, 1.9969160556793213, 2.391655445098877, 2.554194927215576, 2.8560543060302734, 3.0650339126586914, 3.5178232192993164, 3.5874829292297363, 3.8312926292419434, 4.075101852416992], "times2": [0.01160997711122036, 0.4876190423965454, 0.847528338432312, 0.8823582530021667, 1.4280271530151367, 1.9620862007141113, 2.4032652378082275, 3.262403726577759], "loudness1": [3.28, 37.52, 32.28, 29.95, 34.43, 34.7, 29.62, 30.02, 28.68, 31.71, 28.06, 28.06, 23.43, 29.76]}